Title,Price,Itemlocation
Shop on eBay,20.0,from Japan
PS5 Sony PlayStation 5 Console Disc Version!,449.99,from United States
New ListingPS5 Sony PlayStation 5 Console Disc Version!,350.0,from United States
PlayStation 5 Digital Console Cover Marvels Spider-Man 2 Limited Edition SEALED,174.99,from United States
PlayStation5 Console Horizon Forbidden West Bundle,499.99,from United States
Sony PS5 Blu-Ray Edition Console Spider-Man 2 Limited Edition Bundle,699.99,from United States
SONY PS5 - PLAYSTATION 5 - SYSTEM - DISC - CFI-1115A (CGH027992),370.0,from United States
PlayStation 5 Digital Edition God of War Ragnarok Bundle,459.0,from United States
Sony PlayStation 5 825GB Digital Edition Home Console - White,375.0,from United States
Sony Playstation 5 Disc Version Console with Dual Charging Dock Station Bundle,507.99,from United States
Sony PS5 Blu-Ray Edition Console - White,180.5,from United States
Sony PlayStation 5 Digital Edition PS5 Brand New Sealed On Hand Ready to Ship,529.0,from United States
New ListingPS5 Console Horizon Forbidden West Bundle NEW/SEALED,356.87,from United States
Sony - PlayStation 5 Console Only - Used - Blu-Ray Edition,385.89,from United States
"Sony Playstation 5 Disc Version with Extra Controller, Charging Station Bundle",563.99,from United States
(READ DESCRIPTION) Sony PlayStation 5 Disc Edition 825GB Home Console - White,250.0,from United States
Sony Playstation 5 Disc Version (PS5 Disc) Video Game Console (READ DESCRIPTION),197.5,from United States
Sony PS5 Playstation 5 Console Spider-Man 2 Limited Edition Bundle BRAND NEW!,660.0,from United States
Sony Playstation 5 Disc Version (PS5 Disc) Video Game Console Ready to Ship!,497.99,from United States
Playstation 5 Digital Edition Console (Crashes When Loading Games),209.99,from United States
Sony Playstation 5 Disc Edition 825GB White CFI-1015A,250.0,from United States
PlayStation 5 Console - Includes PS5 Console And DualSense Controller - 16GB RAM,499.99,from United States
Sony Playstation 5 825GB Console (Disk Version) CFI-1015A - White,375.0,from United States
Sony PlayStation 5 825GB Digital Console,350.0,from United States
PlayStation 5 Console FINAL FANTASY XVI - **READ**,300.0,from United States
Sony PS5 Blu-Ray Edition Console - White,350.0,from United States
Playstation 5 Console Disc Version New,609.95,from United States
SPIDER-MAN 2  PLAYSTATION 5 DISC CONSOLE COVER AND CONTROLLER BUNDLE - LIMITED,284.98,from Japan
New Listing(Sony) Playstation5 CFI-1200A01 Used,693.59,from Canada
PLAYSTATION 5 CONSOLE --**DISC EDITION**-- BRAND NEW IN BOX ,458.76,from Japan
SONY PS Vita Black console PCH 2000 ZA11 Play Station NTSC-J Japan Excellent +,119.99,from United States
Sony PS5 Blu-Ray Edition Console -with 5 Games Bundle ,799.99,from United States
New Listingps5 - playstation 5 console disc version Model Cfi1215A.  ~20710-1,266.87,from United States
